studyName,SampleNumber,Species,Region,Island,Individual_ID,ClutchCompletion,DateEgg,CulmenLength(mm),CulmenDepth(mm),FlipperLength(mm),BodyMass(g),Sex
PAL0708,1,Gentoo,Anvers,Biscoe,N31A1,Yes,2007-11-27,46.1,13.2,211,4500,FEMALE
PAL0708,2,Gentoo,Anvers,Biscoe,N31A2,Yes,2007-11-27,50.0,16.3,230,5700,MALE
PAL0708,3,Gentoo,Anvers,Biscoe,N32A1,Yes,2007-11-27,48.7,14.1,210,4450,FEMALE
PAL0708,4,Gentoo,Anvers,Biscoe,N32A2,Yes,2007-11-27,50.0,15.2,218,5700,MALE
PAL0708,5,Gentoo,Anvers,Biscoe,N33A1,Yes,2007-11-18,47.6,14.5,215,5400,MALE
PAL0708,6,Gentoo,Anvers,Biscoe,N33A2,Yes,2007-11-18,46.5,13.5,210,4550,FEMALE
PAL0708,7,Gentoo,Anvers,Biscoe,N34A1,Yes,2007-11-27,45.4,14.6,211,4800,FEMALE
PAL0708,8,Gentoo,Anvers,Biscoe,N34A2,Yes,2007-11-27,46.7,15.3,219,5200,MALE
PAL0708,9,Gentoo,Anvers,Biscoe,N35A1,Yes,2007-11-27,43.3,13.4,209,4400,FEMALE
PAL0708,10,Gentoo,Anvers,Biscoe,N35A2,Yes,2007-11-27,46.8,15.4,215,5150,MALE
PAL0708,11,Gentoo,Anvers,Biscoe,N36A1,No,2007-11-27,40.9,13.7,214,4650,FEMALE
PAL0708,12,Gentoo,Anvers,Biscoe,N36A2,No,2007-11-27,49.0,16.1,216,5550,MALE
PAL0708,13,Gentoo,Anvers,Biscoe,N37A1,Yes,2007-11-29,45.5,13.7,214,4650,FEMALE
PAL0708,14,Gentoo,Anvers,Biscoe,N37A2,Yes,2007-11-29,48.4,14.6,213,5850,MALE
PAL0708,15,Gentoo,Anvers,Biscoe,N38A1,Yes,2007-12-03,45.8,14.6,210,4200,FEMALE
PAL0708,16,Gentoo,Anvers,Biscoe,N38A2,Yes,2007-12-03,49.3,15.7,217,5850,MALE
PAL0708,17,Gentoo,Anvers,Biscoe,N39A1,Yes,2007-11-27,42.0,13.5,210,4150,FEMALE
PAL0708,18,Gentoo,Anvers,Biscoe,N39A2,Yes,2007-11-27,49.2,15.2,221,6300,MALE
PAL0708,19,Gentoo,Anvers,Biscoe,N40A1,Yes,2007-11-27,46.2,14.5,209,4800,FEMALE
PAL0708,20,Gentoo,Anvers,Biscoe,N40A2,Yes,2007-11-27,48.7,15.1,222,5350,MALE
PAL0708,21,Gentoo,Anvers,Biscoe,N41A1,Yes,2007-11-27,50.2,14.3,218,5700,MALE
PAL0708,22,Gentoo,Anvers,Biscoe,N41A2,Yes,2007-11-27,45.1,14.5,215,5000,FEMALE
PAL0708,23,Gentoo,Anvers,Biscoe,N42A1,Yes,2007-11-27,46.5,14.5,213,4400,FEMALE
PAL0708,24,Gentoo,Anvers,Biscoe,N42A2,Yes,2007-11-27,46.3,15.8,215,5050,MALE
PAL0708,25,Gentoo,Anvers,Biscoe,N44A1,Yes,2007-11-29,42.9,13.1,215,5000,FEMALE
PAL0708,26,Gentoo,Anvers,Biscoe,N44A2,Yes,2007-11-29,46.1,15.1,215,5100,MALE
PAL0708,27,Gentoo,Anvers,Biscoe,N46A1,Yes,2007-11-29,44.5,14.3,216,4100,
PAL0708,28,Gentoo,Anvers,Biscoe,N46A2,Yes,2007-11-29,47.8,15.0,215,5650,MALE
PAL0708,29,Gentoo,Anvers,Biscoe,N47A1,Yes,2007-11-29,48.2,14.3,210,4600,FEMALE
PAL0708,30,Gentoo,Anvers,Biscoe,N47A2,Yes,2007-11-29,50.0,15.3,220,5550,MALE
PAL0708,31,Gentoo,Anvers,Biscoe,N50A1,Yes,2007-11-29,47.3,15.3,222,5250,MALE
PAL0708,32,Gentoo,Anvers,Biscoe,N50A2,Yes,2007-11-29,42.8,14.2,209,4700,FEMALE
PAL0708,33,Gentoo,Anvers,Biscoe,N56A1,Yes,2007-12-03,45.1,14.5,207,5050,FEMALE
PAL0708,34,Gentoo,Anvers,Biscoe,N56A2,Yes,2007-12-03,59.6,17.0,230,6050,MALE
PAL0809,35,Gentoo,Anvers,Biscoe,N2A1,Yes,2008-11-13,49.1,14.8,220,5150,FEMALE
PAL0809,36,Gentoo,Anvers,Biscoe,N2A2,Yes,2008-11-13,48.4,16.3,220,5400,MALE
PAL0809,37,Gentoo,Anvers,Biscoe,N4A1,Yes,2008-11-02,42.6,13.7,213,4950,FEMALE
PAL0809,38,Gentoo,Anvers,Biscoe,N4A2,Yes,2008-11-02,44.4,17.3,219,5250,MALE
PAL0809,39,Gentoo,Anvers,Biscoe,N5A1,Yes,2008-11-09,44.0,13.6,208,4350,FEMALE
PAL0809,40,Gentoo,Anvers,Biscoe,N5A2,Yes,2008-11-09,48.7,15.7,208,5350,MALE
PAL0809,41,Gentoo,Anvers,Biscoe,N6A1,No,2008-11-04,42.7,13.7,208,3950,FEMALE
PAL0809,42,Gentoo,Anvers,Biscoe,N6A2,No,2008-11-04,49.6,16.0,225,5700,MALE
PAL0809,43,Gentoo,Anvers,Biscoe,N7A1,Yes,2008-11-04,45.3,13.7,210,4300,FEMALE
PAL0809,44,Gentoo,Anvers,Biscoe,N7A2,Yes,2008-11-04,49.6,15.0,216,4750,MALE
PAL0809,45,Gentoo,Anvers,Biscoe,N8A1,Yes,2008-11-03,50.5,15.9,222,5550,MALE
PAL0809,46,Gentoo,Anvers,Biscoe,N8A2,Yes,2008-11-03,43.6,13.9,217,4900,FEMALE
PAL0809,47,Gentoo,Anvers,Biscoe,N11A1,No,2008-11-09,45.5,13.9,210,4200,FEMALE
PAL0809,48,Gentoo,Anvers,Biscoe,N11A2,No,2008-11-09,50.5,15.9,225,5400,MALE
PAL0809,49,Gentoo,Anvers,Biscoe,N12A1,Yes,2008-11-02,44.9,13.3,213,5100,FEMALE
PAL0809,50,Gentoo,Anvers,Biscoe,N12A2,Yes,2008-11-02,45.2,15.8,215,5300,MALE
PAL0809,51,Gentoo,Anvers,Biscoe,N13A1,Yes,2008-11-04,46.6,14.2,210,4850,FEMALE
PAL0809,52,Gentoo,Anvers,Biscoe,N13A2,Yes,2008-11-04,48.5,14.1,220,5300,MALE
PAL0809,53,Gentoo,Anvers,Biscoe,N14A1,Yes,2008-11-04,45.1,14.4,210,4400,FEMALE
PAL0809,54,Gentoo,Anvers,Biscoe,N14A2,Yes,2008-11-04,50.1,15.0,225,5000,MALE
PAL0809,55,Gentoo,Anvers,Biscoe,N15A1,Yes,2008-11-04,46.5,14.4,217,4900,FEMALE
PAL0809,56,Gentoo,Anvers,Biscoe,N15A2,Yes,2008-11-04,45.0,15.4,220,5050,MALE
PAL0809,57,Gentoo,Anvers,Biscoe,N16A1,Yes,2008-11-03,43.8,13.9,208,4300,FEMALE
PAL0809,58,Gentoo,Anvers,Biscoe,N16A2,Yes,2008-11-03,45.5,15.0,220,5000,MALE
PAL0809,59,Gentoo,Anvers,Biscoe,N17A1,Yes,2008-11-06,43.2,14.5,208,4450,FEMALE
PAL0809,60,Gentoo,Anvers,Biscoe,N17A2,Yes,2008-11-06,50.4,15.3,224,5550,MALE
PAL0809,61,Gentoo,Anvers,Biscoe,N18A1,Yes,2008-11-03,45.3,13.8,208,4200,FEMALE
PAL0809,62,Gentoo,Anvers,Biscoe,N18A2,Yes,2008-11-03,46.2,14.9,221,5300,MALE
PAL0809,63,Gentoo,Anvers,Biscoe,N19A1,Yes,2008-11-13,45.7,13.9,214,4400,FEMALE
PAL0809,64,Gentoo,Anvers,Biscoe,N19A2,Yes,2008-11-13,54.3,15.7,231,5650,MALE
PAL0809,65,Gentoo,Anvers,Biscoe,N20A1,Yes,2008-11-04,45.8,14.2,219,4700,FEMALE
PAL0809,66,Gentoo,Anvers,Biscoe,N20A2,Yes,2008-11-04,49.8,16.8,230,5700,MALE
PAL0809,67,Gentoo,Anvers,Biscoe,N51A1,Yes,2008-11-09,46.2,14.4,214,4650,
PAL0809,68,Gentoo,Anvers,Biscoe,N51A2,Yes,2008-11-09,49.5,16.2,229,5800,MALE
PAL0809,69,Gentoo,Anvers,Biscoe,N53A1,Yes,2008-11-13,43.5,14.2,220,4700,FEMALE
PAL0809,70,Gentoo,Anvers,Biscoe,N53A2,Yes,2008-11-13,50.7,15.0,223,5550,MALE
PAL0809,71,Gentoo,Anvers,Biscoe,N54A1,Yes,2008-11-03,47.7,15.0,216,4750,FEMALE
PAL0809,72,Gentoo,Anvers,Biscoe,N54A2,Yes,2008-11-03,46.4,15.6,221,5000,MALE
PAL0809,73,Gentoo,Anvers,Biscoe,N55A1,Yes,2008-11-09,48.2,15.6,221,5100,MALE
PAL0809,74,Gentoo,Anvers,Biscoe,N55A2,Yes,2008-11-09,46.5,14.8,217,5200,FEMALE
PAL0809,75,Gentoo,Anvers,Biscoe,N56A1,Yes,2008-11-06,46.4,15.0,216,4700,FEMALE
PAL0809,76,Gentoo,Anvers,Biscoe,N56A2,Yes,2008-11-06,48.6,16.0,230,5800,MALE
PAL0809,77,Gentoo,Anvers,Biscoe,N58A1,Yes,2008-11-06,47.5,14.2,209,4600,FEMALE
PAL0809,78,Gentoo,Anvers,Biscoe,N58A2,Yes,2008-11-06,51.1,16.3,220,6000,MALE
PAL0809,79,Gentoo,Anvers,Biscoe,N60A1,Yes,2008-11-09,45.2,13.8,215,4750,FEMALE
PAL0809,80,Gentoo,Anvers,Biscoe,N60A2,Yes,2008-11-09,45.2,16.4,223,5950,MALE
PAL0910,81,Gentoo,Anvers,Biscoe,N1A1,Yes,2009-11-18,49.1,14.5,212,4625,FEMALE
PAL0910,82,Gentoo,Anvers,Biscoe,N1A2,Yes,2009-11-18,52.5,15.6,221,5450,MALE
PAL0910,83,Gentoo,Anvers,Biscoe,N6A1,Yes,2009-11-15,47.4,14.6,212,4725,FEMALE
PAL0910,84,Gentoo,Anvers,Biscoe,N6A2,Yes,2009-11-15,50.0,15.9,224,5350,MALE
PAL0910,85,Gentoo,Anvers,Biscoe,N8A1,Yes,2009-11-22,44.9,13.8,212,4750,FEMALE
PAL0910,86,Gentoo,Anvers,Biscoe,N8A2,Yes,2009-11-22,50.8,17.3,228,5600,MALE
PAL0910,87,Gentoo,Anvers,Biscoe,N13A1,Yes,2009-11-20,43.4,14.4,218,4600,FEMALE
PAL0910,88,Gentoo,Anvers,Biscoe,N13A2,Yes,2009-11-20,51.3,14.2,218,5300,MALE
PAL0910,89,Gentoo,Anvers,Biscoe,N14A1,Yes,2009-11-25,47.5,14.0,212,4875,FEMALE
PAL0910,90,Gentoo,Anvers,Biscoe,N14A2,Yes,2009-11-25,52.1,17.0,230,5550,MALE
PAL0910,91,Gentoo,Anvers,Biscoe,N15A1,Yes,2009-11-25,47.5,15.0,218,4950,FEMALE
PAL0910,92,Gentoo,Anvers,Biscoe,N15A2,Yes,2009-11-25,52.2,17.1,228,5400,MALE
PAL0910,93,Gentoo,Anvers,Biscoe,N18A1,Yes,2009-12-01,45.5,14.5,212,4750,FEMALE
PAL0910,94,Gentoo,Anvers,Biscoe,N18A2,Yes,2009-12-01,49.5,16.1,224,5650,MALE
PAL0910,95,Gentoo,Anvers,Biscoe,N19A1,Yes,2009-11-27,44.5,14.7,214,4850,FEMALE
PAL0910,96,Gentoo,Anvers,Biscoe,N19A2,Yes,2009-11-27,50.8,15.7,226,5200,MALE
PAL0910,97,Gentoo,Anvers,Biscoe,N20A1,Yes,2009-11-18,49.4,15.8,216,4925,MALE
PAL0910,98,Gentoo,Anvers,Biscoe,N20A2,Yes,2009-11-18,46.9,14.6,222,4875,FEMALE
PAL0910,99,Gentoo,Anvers,Biscoe,N21A1,Yes,2009-11-18,48.4,14.4,203,4625,FEMALE
PAL0910,100,Gentoo,Anvers,Biscoe,N21A2,Yes,2009-11-18,51.1,16.5,225,5250,MALE
PAL0910,101,Gentoo,Anvers,Biscoe,N22A1,Yes,2009-11-22,48.5,15.0,219,4850,FEMALE
PAL0910,102,Gentoo,Anvers,Biscoe,N22A2,Yes,2009-11-22,55.9,17.0,228,5600,MALE
PAL0910,103,Gentoo,Anvers,Biscoe,N23A1,Yes,2009-11-18,47.2,15.5,215,4975,FEMALE
PAL0910,104,Gentoo,Anvers,Biscoe,N23A2,Yes,2009-11-18,49.1,15.0,228,5500,MALE
PAL0910,105,Gentoo,Anvers,Biscoe,N24A1,Yes,2009-12-01,47.3,13.8,216,4725,
PAL0910,106,Gentoo,Anvers,Biscoe,N24A2,Yes,2009-12-01,46.8,16.1,215,5500,MALE
PAL0910,107,Gentoo,Anvers,Biscoe,N28A1,Yes,2009-11-10,41.7,14.7,210,4700,FEMALE
PAL0910,108,Gentoo,Anvers,Biscoe,N28A2,Yes,2009-11-10,53.4,15.8,219,5500,MALE
PAL0910,109,Gentoo,Anvers,Biscoe,N29A1,Yes,2009-11-09,43.3,14.0,208,4575,FEMALE
PAL0910,110,Gentoo,Anvers,Biscoe,N29A2,Yes,2009-11-09,48.1,15.1,209,5500,MALE
PAL0910,111,Gentoo,Anvers,Biscoe,N32A1,Yes,2009-11-20,50.5,15.2,216,5000,FEMALE
PAL0910,112,Gentoo,Anvers,Biscoe,N32A2,Yes,2009-11-20,49.8,15.9,229,5950,MALE
PAL0910,113,Gentoo,Anvers,Biscoe,N34A1,Yes,2009-11-27,43.5,15.2,213,4650,FEMALE
PAL0910,114,Gentoo,Anvers,Biscoe,N34A2,Yes,2009-11-27,51.5,16.3,230,5500,MALE
PAL0910,115,Gentoo,Anvers,Biscoe,N35A1,Yes,2009-11-25,46.2,14.1,217,4375,FEMALE
PAL0910,116,Gentoo,Anvers,Biscoe,N35A2,Yes,2009-11-25,55.1,16.0,230,5850,MALE
PAL0910,117,Gentoo,Anvers,Biscoe,N36A1,Yes,2009-12-01,44.5,15.7,217,4875,
PAL0910,118,Gentoo,Anvers,Biscoe,N36A2,Yes,2009-12-01,48.8,16.2,222,6000,MALE
PAL0910,119,Gentoo,Anvers,Biscoe,N38A1,No,2009-12-01,47.2,13.7,214,4925,FEMALE
PAL0910,120,Gentoo,Anvers,Biscoe,N39A1,Yes,2009-11-22,46.8,14.3,215,4850,FEMALE
PAL0910,121,Gentoo,Anvers,Biscoe,N39A2,Yes,2009-11-22,50.4,15.7,222,5750,MALE
PAL0910,122,Gentoo,Anvers,Biscoe,N43A1,Yes,2009-11-22,45.2,14.8,212,5200,FEMALE
PAL0910,123,Gentoo,Anvers,Biscoe,N43A2,Yes,2009-11-22,49.9,16.1,213,5400,MALE
PAL0708,124,Adelie,Anvers,Torgersen,N1A1,Yes,2007-11-11,39.1,18.7,181,3750,MALE
PAL0708,125,Adelie,Anvers,Torgersen,N1A2,Yes,2007-11-11,39.5,17.4,186,3800,FEMALE
PAL0708,126,Adelie,Anvers,Torgersen,N2A1,Yes,2007-11-16,40.3,18.0,195,3250,FEMALE
PAL0708,127,Adelie,Anvers,Torgersen,N3A1,Yes,2007-11-16,36.7,19.3,193,3450,FEMALE
PAL0708,128,Adelie,Anvers,Torgersen,N3A2,Yes,2007-11-16,39.3,20.6,190,3650,MALE
PAL0708,129,Adelie,Anvers,Torgersen,N4A1,No,2007-11-15,38.9,17.8,181,3625,FEMALE
PAL0708,130,Adelie,Anvers,Torgersen,N4A2,No,2007-11-15,39.2,19.6,195,4675,MALE
PAL0708,131,Adelie,Anvers,Torgersen,N5A1,Yes,2007-11-09,34.1,18.1,193,3475,
PAL0708,132,Adelie,Anvers,Torgersen,N5A2,Yes,2007-11-09,42.0,20.2,190,4250,
PAL0708,133,Adelie,Anvers,Torgersen,N6A1,Yes,2007-11-09,37.8,17.1,186,3300,
PAL0708,134,Adelie,Anvers,Torgersen,N6A2,Yes,2007-11-09,37.8,17.3,180,3700,
PAL0708,135,Adelie,Anvers,Torgersen,N7A1,Yes,2007-11-15,41.1,17.6,182,3200,FEMALE
PAL0708,136,Adelie,Anvers,Torgersen,N7A2,Yes,2007-11-15,38.6,21.2,191,3800,MALE
PAL0708,137,Adelie,Anvers,Torgersen,N8A1,Yes,2007-11-16,34.6,21.1,198,4400,MALE
PAL0708,138,Adelie,Anvers,Torgersen,N8A2,Yes,2007-11-16,36.6,17.8,185,3700,FEMALE
PAL0708,139,Adelie,Anvers,Torgersen,N9A1,Yes,2007-11-12,38.7,19.0,195,3450,FEMALE
PAL0708,140,Adelie,Anvers,Torgersen,N9A2,Yes,2007-11-12,42.5,20.7,197,4500,MALE
PAL0708,141,Adelie,Anvers,Torgersen,N10A1,Yes,2007-11-16,34.4,18.4,184,3325,FEMALE
PAL0708,142,Adelie,Anvers,Torgersen,N10A2,Yes,2007-11-16,46.0,21.5,194,4200,MALE
PAL0708,143,Adelie,Anvers,Biscoe,N11A1,Yes,2007-11-12,37.8,18.3,174,3400,FEMALE
PAL0708,144,Adelie,Anvers,Biscoe,N11A2,Yes,2007-11-12,37.7,18.7,180,3600,MALE
PAL0708,145,Adelie,Anvers,Biscoe,N12A1,Yes,2007-11-12,35.9,19.2,189,3800,FEMALE
PAL0708,146,Adelie,Anvers,Biscoe,N12A2,Yes,2007-11-12,38.2,18.1,185,3950,MALE
PAL0708,147,Adelie,Anvers,Biscoe,N13A1,Yes,2007-11-10,38.8,17.2,180,3800,MALE
PAL0708,148,Adelie,Anvers,Biscoe,N13A2,Yes,2007-11-10,35.3,18.9,187,3800,FEMALE
PAL0708,149,Adelie,Anvers,Biscoe,N17A1,Yes,2007-11-12,40.6,18.6,183,3550,MALE
PAL0708,150,Adelie,Anvers,Biscoe,N17A2,Yes,2007-11-12,40.5,17.9,187,3200,FEMALE
PAL0708,151,Adelie,Anvers,Biscoe,N18A1,No,2007-11-10,37.9,18.6,172,3150,FEMALE
PAL0708,152,Adelie,Anvers,Biscoe,N18A2,No,2007-11-10,40.5,18.9,180,3950,MALE
PAL0708,153,Adelie,Anvers,Dream,N21A1,Yes,2007-11-09,39.5,16.7,178,3250,FEMALE
PAL0708,154,Adelie,Anvers,Dream,N21A2,Yes,2007-11-09,37.2,18.1,178,3900,MALE
PAL0708,155,Adelie,Anvers,Dream,N22A1,Yes,2007-11-09,39.5,17.8,188,3300,FEMALE
PAL0708,156,Adelie,Anvers,Dream,N22A2,Yes,2007-11-09,40.9,18.9,184,3900,MALE
PAL0708,157,Adelie,Anvers,Dream,N23A1,Yes,2007-11-16,36.4,17.0,195,3325,FEMALE
PAL0708,158,Adelie,Anvers,Dream,N23A2,Yes,2007-11-16,39.2,21.1,196,4150,MALE
PAL0708,159,Adelie,Anvers,Dream,N24A1,Yes,2007-11-16,38.8,20.0,190,3950,MALE
PAL0708,160,Adelie,Anvers,Dream,N24A2,Yes,2007-11-16,42.2,18.5,180,3550,FEMALE
PAL0708,161,Adelie,Anvers,Dream,N25A1,No,2007-11-13,37.6,19.3,181,3300,FEMALE
PAL0708,162,Adelie,Anvers,Dream,N25A2,No,2007-11-13,39.8,19.1,184,4650,MALE
PAL0708,163,Adelie,Anvers,Dream,N26A1,Yes,2007-11-16,36.5,18.0,182,3150,FEMALE
PAL0708,164,Adelie,Anvers,Dream,N26A2,Yes,2007-11-16,40.8,18.4,195,3900,MALE
PAL0708,165,Adelie,Anvers,Dream,N27A1,Yes,2007-11-19,36.0,18.5,186,3100,FEMALE
PAL0708,166,Adelie,Anvers,Dream,N27A2,Yes,2007-11-19,44.1,19.7,196,4400,MALE
PAL0708,167,Adelie,Anvers,Dream,N28A1,Yes,2007-11-16,37.0,16.9,185,3000,FEMALE
PAL0708,168,Adelie,Anvers,Dream,N28A2,Yes,2007-11-16,39.6,18.8,190,4600,MALE
PAL0708,169,Adelie,Anvers,Dream,N29A1,Yes,2007-11-13,41.1,19.0,182,3425,MALE
PAL0708,170,Adelie,Anvers,Dream,N29A2,Yes,2007-11-13,37.5,18.9,179,2975,
PAL0708,171,Adelie,Anvers,Dream,N30A1,Yes,2007-11-13,36.0,17.9,190,3450,FEMALE
PAL0708,172,Adelie,Anvers,Dream,N30A2,Yes,2007-11-13,42.3,21.2,191,4150,MALE
PAL0809,173,Adelie,Anvers,Biscoe,N21A1,Yes,2008-11-06,39.6,17.7,186,3500,FEMALE
PAL0809,174,Adelie,Anvers,Biscoe,N21A2,Yes,2008-11-06,40.1,18.9,188,4300,MALE
PAL0809,175,Adelie,Anvers,Biscoe,N22A1,Yes,2008-11-09,35.0,17.9,190,3450,FEMALE
PAL0809,176,Adelie,Anvers,Biscoe,N22A2,Yes,2008-11-09,42.0,19.5,200,4050,MALE
PAL0809,177,Adelie,Anvers,Biscoe,N23A1,Yes,2008-11-09,34.5,18.1,187,2900,FEMALE
PAL0809,178,Adelie,Anvers,Biscoe,N23A2,Yes,2008-11-09,41.4,18.6,191,3700,MALE
PAL0809,179,Adelie,Anvers,Biscoe,N24A1,Yes,2008-11-15,39.0,17.5,186,3550,FEMALE
PAL0809,180,Adelie,Anvers,Biscoe,N24A2,Yes,2008-11-15,40.6,18.8,193,3800,MALE
PAL0809,181,Adelie,Anvers,Biscoe,N25A1,Yes,2008-11-15,36.5,16.6,181,2850,FEMALE
PAL0809,182,Adelie,Anvers,Biscoe,N25A2,Yes,2008-11-15,37.6,19.1,194,3750,MALE
PAL0809,183,Adelie,Anvers,Biscoe,N27A1,Yes,2008-11-13,35.7,16.9,185,3150,FEMALE
PAL0809,184,Adelie,Anvers,Biscoe,N27A2,Yes,2008-11-13,41.3,21.1,195,4400,MALE
PAL0809,185,Adelie,Anvers,Biscoe,N28A1,Yes,2008-11-13,37.6,17.0,185,3600,FEMALE
PAL0809,186,Adelie,Anvers,Biscoe,N28A2,Yes,2008-11-13,41.1,18.2,192,4050,MALE
PAL0809,187,Adelie,Anvers,Biscoe,N29A1,Yes,2008-11-13,36.4,17.1,184,2850,FEMALE
PAL0809,188,Adelie,Anvers,Biscoe,N29A2,Yes,2008-11-13,41.6,18.0,192,3950,MALE
PAL0809,189,Adelie,Anvers,Biscoe,N30A1,Yes,2008-11-06,35.5,16.2,195,3350,FEMALE
PAL0809,190,Adelie,Anvers,Biscoe,N30A2,Yes,2008-11-06,41.1,19.1,188,4100,MALE
PAL0809,191,Adelie,Anvers,Torgersen,N32A1,No,2008-11-11,35.9,16.6,190,3050,FEMALE
PAL0809,192,Adelie,Anvers,Torgersen,N32A2,No,2008-11-11,41.8,19.4,198,4450,MALE
PAL0809,193,Adelie,Anvers,Torgersen,N34A1,Yes,2008-11-14,33.5,19.0,190,3600,FEMALE
PAL0809,194,Adelie,Anvers,Torgersen,N34A2,Yes,2008-11-14,39.7,18.4,190,3900,MALE
PAL0809,195,Adelie,Anvers,Torgersen,N35A1,Yes,2008-11-11,39.6,17.2,196,3550,FEMALE
PAL0809,196,Adelie,Anvers,Torgersen,N35A2,Yes,2008-11-11,45.8,18.9,197,4150,MALE
PAL0809,197,Adelie,Anvers,Torgersen,N36A1,Yes,2008-11-08,35.5,17.5,190,3700,FEMALE
PAL0809,198,Adelie,Anvers,Torgersen,N36A2,Yes,2008-11-08,42.8,18.5,195,4250,MALE
PAL0809,199,Adelie,Anvers,Torgersen,N37A1,Yes,2008-11-06,40.9,16.8,191,3700,FEMALE
PAL0809,200,Adelie,Anvers,Torgersen,N37A2,Yes,2008-11-06,37.2,19.4,184,3900,MALE
PAL0809,201,Adelie,Anvers,Torgersen,N38A1,Yes,2008-11-09,36.2,16.1,187,3550,FEMALE
PAL0809,202,Adelie,Anvers,Torgersen,N38A2,Yes,2008-11-09,42.1,19.1,195,4000,MALE
PAL0809,203,Adelie,Anvers,Torgersen,N39A1,Yes,2008-11-02,34.6,17.2,189,3200,FEMALE
PAL0809,204,Adelie,Anvers,Torgersen,N39A2,Yes,2008-11-02,42.9,17.6,196,4700,MALE
PAL0809,205,Adelie,Anvers,Torgersen,N40A1,Yes,2008-11-07,36.7,18.8,187,3800,FEMALE
PAL0809,206,Adelie,Anvers,Torgersen,N40A2,Yes,2008-11-07,35.1,19.4,193,4200,MALE
PAL0809,207,Adelie,Anvers,Dream,N41A1,Yes,2008-11-17,37.3,17.8,191,3350,FEMALE
PAL0809,208,Adelie,Anvers,Dream,N41A2,Yes,2008-11-17,41.3,20.3,194,3550,MALE
PAL0809,209,Adelie,Anvers,Dream,N42A1,Yes,2008-11-08,36.3,19.5,190,3800,MALE
PAL0809,210,Adelie,Anvers,Dream,N42A2,Yes,2008-11-08,36.9,18.6,189,3500,FEMALE
PAL0809,211,Adelie,Anvers,Dream,N44A1,Yes,2008-11-08,38.3,19.2,189,3950,MALE
PAL0809,212,Adelie,Anvers,Dream,N44A2,Yes,2008-11-08,38.9,18.8,190,3600,FEMALE
PAL0809,213,Adelie,Anvers,Dream,N45A1,Yes,2008-11-14,35.7,18.0,202,3550,FEMALE
PAL0809,214,Adelie,Anvers,Dream,N45A2,Yes,2008-11-14,41.1,18.1,205,4300,MALE
PAL0809,215,Adelie,Anvers,Dream,N46A1,Yes,2008-11-05,34.0,17.1,185,3400,FEMALE
PAL0809,216,Adelie,Anvers,Dream,N46A2,Yes,2008-11-05,39.6,18.1,186,4450,MALE
PAL0809,217,Adelie,Anvers,Dream,N48A1,Yes,2008-11-17,36.2,17.3,187,3300,FEMALE
PAL0809,218,Adelie,Anvers,Dream,N48A2,Yes,2008-11-17,40.8,18.9,208,4300,MALE
PAL0809,219,Adelie,Anvers,Dream,N49A1,Yes,2008-11-08,38.1,18.6,190,3700,FEMALE
PAL0809,220,Adelie,Anvers,Dream,N49A2,Yes,2008-11-08,40.3,18.5,196,4350,MALE
PAL0809,221,Adelie,Anvers,Dream,N50A1,Yes,2008-11-10,33.1,16.1,178,2900,FEMALE
PAL0809,222,Adelie,Anvers,Dream,N50A2,Yes,2008-11-10,43.2,18.5,192,4100,MALE
PAL0910,223,Adelie,Anvers,Biscoe,N47A1,Yes,2009-11-09,35.0,17.9,192,3725,FEMALE
PAL0910,224,Adelie,Anvers,Biscoe,N47A2,Yes,2009-11-09,41.0,20.0,203,4725,MALE
PAL0910,225,Adelie,Anvers,Biscoe,N49A1,Yes,2009-11-15,37.7,16.0,183,3075,FEMALE
PAL0910,226,Adelie,Anvers,Biscoe,N49A2,Yes,2009-11-15,37.8,20.0,190,4250,MALE
PAL0910,227,Adelie,Anvers,Biscoe,N51A1,Yes,2009-11-15,37.9,18.6,193,2925,FEMALE
PAL0910,228,Adelie,Anvers,Biscoe,N51A2,Yes,2009-11-15,39.7,18.9,184,3550,MALE
PAL0910,229,Adelie,Anvers,Biscoe,N53A1,Yes,2009-11-15,38.6,17.2,199,3750,FEMALE
PAL0910,230,Adelie,Anvers,Biscoe,N53A2,Yes,2009-11-15,38.2,20.0,190,3900,MALE
PAL0910,231,Adelie,Anvers,Biscoe,N55A1,Yes,2009-11-20,38.1,17.0,181,3175,FEMALE
PAL0910,232,Adelie,Anvers,Biscoe,N55A2,Yes,2009-11-20,43.2,19.0,197,4775,MALE
PAL0910,233,Adelie,Anvers,Biscoe,N58A1,Yes,2009-11-12,38.1,16.5,198,3825,FEMALE
PAL0910,234,Adelie,Anvers,Biscoe,N58A2,Yes,2009-11-12,45.6,20.3,191,4600,MALE
PAL0910,235,Adelie,Anvers,Biscoe,N60A1,Yes,2009-11-15,39.7,17.7,193,3200,FEMALE
PAL0910,236,Adelie,Anvers,Biscoe,N60A2,Yes,2009-11-15,42.2,19.5,197,4275,MALE
PAL0910,237,Adelie,Anvers,Biscoe,N61A1,Yes,2009-11-17,39.6,20.7,191,3900,FEMALE
PAL0910,238,Adelie,Anvers,Biscoe,N61A2,Yes,2009-11-17,42.7,18.3,196,4075,MALE
PAL0910,239,Adelie,Anvers,Torgersen,N63A1,Yes,2009-11-18,38.6,17.0,188,2900,FEMALE
PAL0910,240,Adelie,Anvers,Torgersen,N63A2,Yes,2009-11-18,37.3,20.5,199,3775,MALE
PAL0910,241,Adelie,Anvers,Torgersen,N64A1,Yes,2009-11-22,35.7,17.0,189,3350,FEMALE
PAL0910,242,Adelie,Anvers,Torgersen,N64A2,Yes,2009-11-22,41.1,18.6,189,3325,MALE
PAL0910,243,Adelie,Anvers,Torgersen,N66A1,No,2009-11-17,36.2,17.2,187,3150,FEMALE
PAL0910,244,Adelie,Anvers,Torgersen,N66A2,No,2009-11-17,37.7,19.8,198,3500,MALE
PAL0910,245,Adelie,Anvers,Torgersen,N67A1,Yes,2009-11-16,40.2,17.0,176,3450,FEMALE
PAL0910,246,Adelie,Anvers,Torgersen,N67A2,Yes,2009-11-16,41.4,18.5,202,3875,MALE
PAL0910,247,Adelie,Anvers,Torgersen,N69A1,Yes,2009-11-18,35.2,15.9,186,3050,FEMALE
PAL0910,248,Adelie,Anvers,Torgersen,N69A2,Yes,2009-11-18,40.6,19.0,199,4000,MALE
PAL0910,249,Adelie,Anvers,Torgersen,N71A1,Yes,2009-11-21,38.8,17.6,191,3275,FEMALE
PAL0910,250,Adelie,Anvers,Torgersen,N71A2,Yes,2009-11-21,41.5,18.3,195,4300,MALE
PAL0910,251,Adelie,Anvers,Torgersen,N72A1,Yes,2009-11-18,39.0,17.1,191,3050,FEMALE
PAL0910,252,Adelie,Anvers,Torgersen,N72A2,Yes,2009-11-18,44.1,18.0,210,4000,MALE
PAL0910,253,Adelie,Anvers,Torgersen,N73A1,No,2009-11-23,38.5,17.9,190,3325,FEMALE
PAL0910,254,Adelie,Anvers,Torgersen,N73A2,No,2009-11-23,43.1,19.2,197,3500,MALE
PAL0910,255,Adelie,Anvers,Dream,N76A1,Yes,2009-11-10,36.8,18.5,193,3500,FEMALE
PAL0910,256,Adelie,Anvers,Dream,N76A2,Yes,2009-11-10,37.5,18.5,199,4475,MALE
PAL0910,257,Adelie,Anvers,Dream,N77A1,Yes,2009-11-13,38.1,17.6,187,3425,FEMALE
PAL0910,258,Adelie,Anvers,Dream,N77A2,Yes,2009-11-13,41.1,17.5,190,3900,MALE
PAL0910,259,Adelie,Anvers,Dream,N78A1,Yes,2009-11-16,35.6,17.5,191,3175,FEMALE
PAL0910,260,Adelie,Anvers,Dream,N78A2,Yes,2009-11-16,40.2,20.1,200,3975,MALE
PAL0910,261,Adelie,Anvers,Dream,N79A1,No,2009-11-16,37.0,16.5,185,3400,FEMALE
PAL0910,262,Adelie,Anvers,Dream,N79A2,No,2009-11-16,39.7,17.9,193,4250,MALE
PAL0910,263,Adelie,Anvers,Dream,N80A1,Yes,2009-11-14,40.2,17.1,193,3400,FEMALE
PAL0910,264,Adelie,Anvers,Dream,N80A2,Yes,2009-11-14,40.6,17.2,187,3475,MALE
PAL0910,265,Adelie,Anvers,Dream,N81A1,Yes,2009-11-16,32.1,15.5,188,3050,FEMALE
PAL0910,266,Adelie,Anvers,Dream,N81A2,Yes,2009-11-16,40.7,17.0,190,3725,MALE
PAL0910,267,Adelie,Anvers,Dream,N82A1,Yes,2009-11-16,37.3,16.8,192,3000,FEMALE
PAL0910,268,Adelie,Anvers,Dream,N82A2,Yes,2009-11-16,39.0,18.7,185,3650,MALE
PAL0910,269,Adelie,Anvers,Dream,N83A1,Yes,2009-11-13,39.2,18.6,190,4250,MALE
PAL0910,270,Adelie,Anvers,Dream,N83A2,Yes,2009-11-13,36.6,18.4,184,3475,FEMALE
PAL0910,271,Adelie,Anvers,Dream,N84A1,Yes,2009-11-17,36.0,17.8,195,3450,FEMALE
PAL0910,272,Adelie,Anvers,Dream,N84A2,Yes,2009-11-17,37.8,18.1,193,3750,MALE
PAL0910,273,Adelie,Anvers,Dream,N85A1,Yes,2009-11-17,36.0,17.1,187,3700,FEMALE
PAL0910,274,Adelie,Anvers,Dream,N85A2,Yes,2009-11-17,41.5,18.5,201,4000,MALE
PAL0708,275,Chinstrap,Anvers,Dream,N61A1,No,2007-11-19,46.5,17.9,192,3500,FEMALE
PAL0708,276,Chinstrap,Anvers,Dream,N61A2,No,2007-11-19,50.0,19.5,196,3900,MALE
PAL0708,277,Chinstrap,Anvers,Dream,N62A1,Yes,2007-11-26,51.3,19.2,193,3650,MALE
PAL0708,278,Chinstrap,Anvers,Dream,N62A2,Yes,2007-11-26,45.4,18.7,188,3525,FEMALE
PAL0708,279,Chinstrap,Anvers,Dream,N64A1,Yes,2007-11-21,52.7,19.8,197,3725,MALE
PAL0708,280,Chinstrap,Anvers,Dream,N64A2,Yes,2007-11-21,45.2,17.8,198,3950,FEMALE
PAL0708,281,Chinstrap,Anvers,Dream,N66A1,Yes,2007-11-28,46.1,18.2,178,3250,FEMALE
PAL0708,282,Chinstrap,Anvers,Dream,N66A2,Yes,2007-11-28,51.3,18.2,197,3750,MALE
PAL0708,283,Chinstrap,Anvers,Dream,N67A1,Yes,2007-11-21,46.0,18.9,195,4150,FEMALE
PAL0708,284,Chinstrap,Anvers,Dream,N67A2,Yes,2007-11-21,51.3,19.9,198,3700,MALE
PAL0708,285,Chinstrap,Anvers,Dream,N68A1,Yes,2007-11-28,46.6,17.8,193,3800,FEMALE
PAL0708,286,Chinstrap,Anvers,Dream,N68A2,Yes,2007-11-28,51.7,20.3,194,3775,MALE
PAL0708,287,Chinstrap,Anvers,Dream,N69A1,Yes,2007-11-26,47.0,17.3,185,3700,FEMALE
PAL0708,288,Chinstrap,Anvers,Dream,N69A2,Yes,2007-11-26,52.0,18.1,201,4050,MALE
PAL0708,289,Chinstrap,Anvers,Dream,N70A1,Yes,2007-11-22,45.9,17.1,190,3575,FEMALE
PAL0708,290,Chinstrap,Anvers,Dream,N70A2,Yes,2007-11-22,50.5,19.6,201,4050,MALE
PAL0708,291,Chinstrap,Anvers,Dream,N71A1,No,2007-11-30,50.3,20.0,197,3300,MALE
PAL0708,292,Chinstrap,Anvers,Dream,N71A2,No,2007-11-30,58.0,17.8,181,3700,FEMALE
PAL0708,293,Chinstrap,Anvers,Dream,N72A1,Yes,2007-11-30,46.4,18.6,190,3450,FEMALE
PAL0708,294,Chinstrap,Anvers,Dream,N72A2,Yes,2007-11-30,49.2,18.2,195,4400,MALE
PAL0708,295,Chinstrap,Anvers,Dream,N73A1,Yes,2007-12-03,42.4,17.3,181,3600,FEMALE
PAL0708,296,Chinstrap,Anvers,Dream,N73A2,Yes,2007-12-03,48.5,17.5,191,3400,MALE
PAL0708,297,Chinstrap,Anvers,Dream,N85A1,No,2007-11-28,43.2,16.6,187,2900,FEMALE
PAL0708,298,Chinstrap,Anvers,Dream,N85A2,No,2007-11-28,50.6,19.4,193,3800,MALE
PAL0708,299,Chinstrap,Anvers,Dream,N89A1,No,2007-11-28,46.7,17.9,195,3300,FEMALE
PAL0708,300,Chinstrap,Anvers,Dream,N89A2,No,2007-11-28,52.0,19.0,197,4150,MALE
PAL0809,301,Chinstrap,Anvers,Dream,N61A1,No,2008-11-25,50.5,18.4,200,3400,FEMALE
PAL0809,302,Chinstrap,Anvers,Dream,N61A2,No,2008-11-25,49.5,19.0,200,3800,MALE
PAL0809,303,Chinstrap,Anvers,Dream,N62A1,Yes,2008-11-14,46.4,17.8,191,3700,FEMALE
PAL0809,304,Chinstrap,Anvers,Dream,N62A2,Yes,2008-11-14,52.8,20.0,205,4550,MALE
PAL0809,305,Chinstrap,Anvers,Dream,N63A1,Yes,2008-11-24,40.9,16.6,187,3200,FEMALE
PAL0809,306,Chinstrap,Anvers,Dream,N63A2,Yes,2008-11-24,54.2,20.8,201,4300,MALE
PAL0809,307,Chinstrap,Anvers,Dream,N65A1,Yes,2008-11-24,42.5,16.7,187,3350,FEMALE
PAL0809,308,Chinstrap,Anvers,Dream,N65A2,Yes,2008-11-24,51.0,18.8,203,4100,MALE
PAL0809,309,Chinstrap,Anvers,Dream,N67A1,Yes,2008-11-25,49.7,18.6,195,3600,MALE
PAL0809,310,Chinstrap,Anvers,Dream,N67A2,Yes,2008-11-25,47.5,16.8,199,3900,FEMALE
PAL0809,311,Chinstrap,Anvers,Dream,N69A1,Yes,2008-11-14,47.6,18.3,195,3850,FEMALE
PAL0809,312,Chinstrap,Anvers,Dream,N69A2,Yes,2008-11-14,52.0,20.7,210,4800,MALE
PAL0809,313,Chinstrap,Anvers,Dream,N72A1,No,2008-11-24,46.9,16.6,192,2700,FEMALE
PAL0809,314,Chinstrap,Anvers,Dream,N72A2,No,2008-11-24,53.5,19.9,205,4500,MALE
PAL0809,315,Chinstrap,Anvers,Dream,N74A1,Yes,2008-11-24,49.0,19.5,210,3950,MALE
PAL0809,316,Chinstrap,Anvers,Dream,N74A2,Yes,2008-11-24,46.2,17.5,187,3650,FEMALE
PAL0809,317,Chinstrap,Anvers,Dream,N75A1,Yes,2008-11-14,50.9,19.1,196,3550,MALE
PAL0809,318,Chinstrap,Anvers,Dream,N75A2,Yes,2008-11-14,45.5,17.0,196,3500,FEMALE
PAL0910,319,Chinstrap,Anvers,Dream,N86A1,Yes,2009-11-17,50.9,17.9,196,3675,FEMALE
PAL0910,320,Chinstrap,Anvers,Dream,N86A2,Yes,2009-11-17,50.8,18.5,201,4450,MALE
PAL0910,321,Chinstrap,Anvers,Dream,N87A1,Yes,2009-11-27,50.1,17.9,190,3400,FEMALE
PAL0910,322,Chinstrap,Anvers,Dream,N87A2,Yes,2009-11-27,49.0,19.6,212,4300,MALE
PAL0910,323,Chinstrap,Anvers,Dream,N88A1,Yes,2009-11-23,51.5,18.7,187,3250,MALE
PAL0910,324,Chinstrap,Anvers,Dream,N88A2,Yes,2009-11-23,49.8,17.3,198,3675,FEMALE
PAL0910,325,Chinstrap,Anvers,Dream,N90A1,Yes,2009-11-21,48.1,16.4,199,3325,FEMALE
PAL0910,326,Chinstrap,Anvers,Dream,N90A2,Yes,2009-11-21,51.4,19.0,201,3950,MALE
PAL0910,327,Chinstrap,Anvers,Dream,N92A1,Yes,2009-11-23,45.7,17.3,193,3600,FEMALE
PAL0910,328,Chinstrap,Anvers,Dream,N92A2,Yes,2009-11-23,50.7,19.7,203,4050,MALE
PAL0910,329,Chinstrap,Anvers,Dream,N93A1,Yes,2009-11-27,42.5,17.3,187,3350,FEMALE
PAL0910,330,Chinstrap,Anvers,Dream,N93A2,Yes,2009-11-27,52.2,18.8,197,3450,MALE
PAL0910,331,Chinstrap,Anvers,Dream,N94A1,Yes,2009-11-21,45.2,16.6,191,3250,FEMALE
PAL0910,332,Chinstrap,Anvers,Dream,N94A2,Yes,2009-11-21,49.3,19.9,203,4050,MALE
PAL0910,333,Chinstrap,Anvers,Dream,N95A1,Yes,2009-11-21,50.2,18.8,202,3800,MALE
PAL0910,334,Chinstrap,Anvers,Dream,N95A2,Yes,2009-11-21,45.6,19.4,194,3525,FEMALE
PAL0910,335,Chinstrap,Anvers,Dream,N96A1,Yes,2009-11-27,51.9,19.5,206,3950,MALE
PAL0910,336,Chinstrap,Anvers,Dream,N96A2,Yes,2009-11-27,46.8,16.5,189,3650,FEMALE
PAL0910,337,Chinstrap,Anvers,Dream,N98A1,Yes,2009-11-19,45.7,17.0,195,3650,FEMALE
PAL0910,338,Chinstrap,Anvers,Dream,N98A2,Yes,2009-11-19,55.8,19.8,207,4000,MALE
PAL0910,339,Chinstrap,Anvers,Dream,N99A1,No,2009-11-21,43.5,18.1,202,3400,FEMALE
PAL0910,340,Chinstrap,Anvers,Dream,N99A2,No,2009-11-21,49.6,18.2,193,3775,MALE
PAL0910,341,Chinstrap,Anvers,Dream,N100A1,Yes,2009-11-21,50.8,19.0,210,4100,MALE
PAL0910,342,Chinstrap,Anvers,Dream,N100A2,Yes,2009-11-21,50.2,18.7,198,3775,FEMALE
